parent_residue,child_residue,lift_remainder,sibling_role,phase_margin,aperture_tension,phase_rank,transition_label,component_delta,parent_uncovered_exact,child_covered_exact,child_projects_to_parent,parent_gap_count_exact,child_gap_count_exact,exact_b8_birth
12268,6648898,0,sibling_nonbirth,-60/247,60/247,10,miss,0,True,False,True,1,1,False
12268,6138388,1,sibling_nonbirth,-73/247,73/247,12,miss,0,True,False,True,1,1,False
12268,5627878,2,sibling_nonbirth,-86/247,86/247,14,miss,0,True,False,True,1,1,False
12268,5117368,3,sibling_nonbirth,-99/247,99/247,16,miss,0,True,False,True,1,1,False
12268,4606858,4,sibling_nonbirth,-112/247,112/247,18,miss,0,True,False,True,1,1,False
12268,4096348,5,sibling_nonbirth,-35/76,35/76,19,miss,0,True,False,True,1,1,False
12268,3585838,6,sibling_nonbirth,-31/76,31/76,17,miss,0,True,False,True,1,1,False
12268,3075328,7,sibling_nonbirth,-27/76,27/76,15,miss,0,True,False,True,1,1,False
12268,2564818,8,sibling_nonbirth,-23/76,23/76,13,miss,0,True,False,True,1,1,False
12268,2054308,9,sibling_nonbirth,-1/4,1/4,11,miss,0,True,False,True,1,1,False
12268,1543798,10,sibling_nonbirth,-15/76,15/76,9,miss,0,True,False,True,1,1,False
12268,1033288,11,sibling_nonbirth,-11/76,11/76,7,miss,0,True,False,True,1,1,False
12268,522778,12,sibling_nonbirth,-7/76,7/76,5,miss,0,True,False,True,1,1,False
12268,12268,13,sibling_nonbirth,-3/76,3/76,3,miss,0,True,False,True,1,1,False
12268,9201448,14,birth_close,1/76,-1/76,1,close,-1,True,True,True,1,0,True
12268,8690938,15,sibling_nonbirth,-8/247,8/247,2,miss,0,True,False,True,1,1,False
12268,8180428,16,sibling_nonbirth,-21/247,21/247,4,miss,0,True,False,True,1,1,False
12268,7669918,17,sibling_nonbirth,-34/247,34/247,6,miss,0,True,False,True,1,1,False
12268,7159408,18,sibling_nonbirth,-47/247,47/247,8,miss,0,True,False,True,1,1,False
29462,6155582,0,sibling_nonbirth,-60/247,60/247,10,miss,0,True,False,True,1,1,False
29462,5645072,1,sibling_nonbirth,-47/247,47/247,8,miss,0,True,False,True,1,1,False
29462,5134562,2,sibling_nonbirth,-34/247,34/247,6,miss,0,True,False,True,1,1,False
29462,4624052,3,sibling_nonbirth,-21/247,21/247,4,miss,0,True,False,True,1,1,False
29462,4113542,4,sibling_nonbirth,-8/247,8/247,2,miss,0,True,False,True,1,1,False
29462,3603032,5,birth_close,1/76,-1/76,1,close,-1,True,True,True,1,0,True
29462,3092522,6,sibling_nonbirth,-3/76,3/76,3,miss,0,True,False,True,1,1,False
29462,2582012,7,sibling_nonbirth,-7/76,7/76,5,miss,0,True,False,True,1,1,False
29462,2071502,8,sibling_nonbirth,-11/76,11/76,7,miss,0,True,False,True,1,1,False
29462,1560992,9,sibling_nonbirth,-15/76,15/76,9,miss,0,True,False,True,1,1,False
29462,1050482,10,sibling_nonbirth,-1/4,1/4,11,miss,0,True,False,True,1,1,False
29462,539972,11,sibling_nonbirth,-23/76,23/76,13,miss,0,True,False,True,1,1,False
29462,29462,12,sibling_nonbirth,-27/76,27/76,15,miss,0,True,False,True,1,1,False
29462,9218642,13,sibling_nonbirth,-31/76,31/76,17,miss,0,True,False,True,1,1,False
29462,8708132,14,sibling_nonbirth,-35/76,35/76,19,miss,0,True,False,True,1,1,False
29462,8197622,15,sibling_nonbirth,-112/247,112/247,18,miss,0,True,False,True,1,1,False
29462,7687112,16,sibling_nonbirth,-99/247,99/247,16,miss,0,True,False,True,1,1,False
29462,7176602,17,sibling_nonbirth,-86/247,86/247,14,miss,0,True,False,True,1,1,False
29462,6666092,18,sibling_nonbirth,-73/247,73/247,12,miss,0,True,False,True,1,1,False
41620,5146720,0,sibling_nonbirth,-98/247,98/247,16,miss,0,True,False,True,1,1,False
41620,4636210,1,sibling_nonbirth,-111/247,111/247,18,miss,0,True,False,True,1,1,False
41620,4125700,2,sibling_nonbirth,-96/209,96/209,19,miss,0,True,False,True,1,1,False
41620,3615190,3,sibling_nonbirth,-85/209,85/209,17,miss,0,True,False,True,1,1,False
41620,3104680,4,sibling_nonbirth,-74/209,74/209,15,miss,0,True,False,True,1,1,False
41620,2594170,5,sibling_nonbirth,-63/209,63/209,13,miss,0,True,False,True,1,1,False
41620,2083660,6,sibling_nonbirth,-52/209,52/209,11,miss,0,True,False,True,1,1,False
41620,1573150,7,sibling_nonbirth,-41/209,41/209,9,miss,0,True,False,True,1,1,False
41620,1062640,8,sibling_nonbirth,-30/209,30/209,7,miss,0,True,False,True,1,1,False
41620,552130,9,sibling_nonbirth,-1/11,1/11,5,miss,0,True,False,True,1,1,False
41620,41620,10,sibling_nonbirth,-8/209,8/209,3,miss,0,True,False,True,1,1,False
41620,9230800,11,birth_close,3/209,-3/209,1,close,-1,True,True,True,1,0,True
41620,8720290,12,sibling_nonbirth,-7/247,7/247,2,miss,0,True,False,True,1,1,False
41620,8209780,13,sibling_nonbirth,-20/247,20/247,4,miss,0,True,False,True,1,1,False
41620,7699270,14,sibling_nonbirth,-33/247,33/247,6,miss,0,True,False,True,1,1,False
41620,7188760,15,sibling_nonbirth,-46/247,46/247,8,miss,0,True,False,True,1,1,False
41620,6678250,16,sibling_nonbirth,-59/247,59/247,10,miss,0,True,False,True,1,1,False
41620,6167740,17,sibling_nonbirth,-72/247,72/247,12,miss,0,True,False,True,1,1,False
41620,5657230,18,sibling_nonbirth,-85/247,85/247,14,miss,0,True,False,True,1,1,False
66261,4150341,0,sibling_nonbirth,-42/209,42/209,9,miss,0,True,False,True,1,1,False
66261,3639831,1,sibling_nonbirth,-53/209,53/209,11,miss,0,True,False,True,1,1,False
66261,3129321,2,sibling_nonbirth,-64/209,64/209,13,miss,0,True,False,True,1,1,False
66261,2618811,3,sibling_nonbirth,-75/209,75/209,15,miss,0,True,False,True,1,1,False
66261,2108301,4,sibling_nonbirth,-86/209,86/209,17,miss,0,True,False,True,1,1,False
66261,1597791,5,sibling_nonbirth,-97/209,97/209,19,miss,0,True,False,True,1,1,False
66261,1087281,6,sibling_nonbirth,-59/133,59/133,18,miss,0,True,False,True,1,1,False
66261,576771,7,sibling_nonbirth,-52/133,52/133,16,miss,0,True,False,True,1,1,False
66261,66261,8,sibling_nonbirth,-45/133,45/133,14,miss,0,True,False,True,1,1,False
66261,9255441,9,sibling_nonbirth,-2/7,2/7,12,miss,0,True,False,True,1,1,False
66261,8744931,10,sibling_nonbirth,-31/133,31/133,10,miss,0,True,False,True,1,1,False
66261,8234421,11,sibling_nonbirth,-24/133,24/133,8,miss,0,True,False,True,1,1,False
66261,7723911,12,sibling_nonbirth,-17/133,17/133,6,miss,0,True,False,True,1,1,False
66261,7213401,13,sibling_nonbirth,-10/133,10/133,4,miss,0,True,False,True,1,1,False
66261,6702891,14,sibling_nonbirth,-3/133,3/133,2,miss,0,True,False,True,1,1,False
66261,6192381,15,birth_close,2/209,-2/209,1,close,-1,True,True,True,1,0,True
66261,5681871,16,sibling_nonbirth,-9/209,9/209,3,miss,0,True,False,True,1,1,False
66261,5171361,17,sibling_nonbirth,-20/209,20/209,5,miss,0,True,False,True,1,1,False
66261,4660851,18,sibling_nonbirth,-31/209,31/209,7,miss,0,True,False,True,1,1,False
72009,9261189,0,sibling_nonbirth,-42/209,42/209,8,miss,0,True,False,True,1,1,False
72009,8750679,1,sibling_nonbirth,-31/209,31/209,6,miss,0,True,False,True,1,1,False
72009,8240169,2,sibling_nonbirth,-20/209,20/209,4,miss,0,True,False,True,1,1,False
72009,7729659,3,sibling_nonbirth,-9/209,9/209,2,miss,0,True,False,True,1,1,False
72009,7219149,4,birth_close,2/247,-2/247,1,close,-1,True,True,True,1,0,True
72009,6708639,5,sibling_nonbirth,-11/247,11/247,3,miss,0,True,False,True,1,1,False
72009,6198129,6,sibling_nonbirth,-24/247,24/247,5,miss,0,True,False,True,1,1,False
72009,5687619,7,sibling_nonbirth,-37/247,37/247,7,miss,0,True,False,True,1,1,False
72009,5177109,8,sibling_nonbirth,-50/247,50/247,9,miss,0,True,False,True,1,1,False
72009,4666599,9,sibling_nonbirth,-63/247,63/247,11,miss,0,True,False,True,1,1,False
72009,4156089,10,sibling_nonbirth,-4/13,4/13,13,miss,0,True,False,True,1,1,False
72009,3645579,11,sibling_nonbirth,-89/247,89/247,15,miss,0,True,False,True,1,1,False
72009,3135069,12,sibling_nonbirth,-102/247,102/247,17,miss,0,True,False,True,1,1,False
72009,2624559,13,sibling_nonbirth,-115/247,115/247,19,miss,0,True,False,True,1,1,False
72009,2114049,14,sibling_nonbirth,-97/209,97/209,18,miss,0,True,False,True,1,1,False
72009,1603539,15,sibling_nonbirth,-86/209,86/209,16,miss,0,True,False,True,1,1,False
72009,1093029,16,sibling_nonbirth,-75/209,75/209,14,miss,0,True,False,True,1,1,False
72009,582519,17,sibling_nonbirth,-64/209,64/209,12,miss,0,True,False,True,1,1,False
72009,72009,18,sibling_nonbirth,-53/209,53/209,10,miss,0,True,False,True,1,1,False
82468,4166548,0,sibling_nonbirth,-60/247,60/247,10,miss,0,True,False,True,1,1,False
82468,3656038,1,sibling_nonbirth,-73/247,73/247,12,miss,0,True,False,True,1,1,False
82468,3145528,2,sibling_nonbirth,-86/247,86/247,14,miss,0,True,False,True,1,1,False
82468,2635018,3,sibling_nonbirth,-99/247,99/247,16,miss,0,True,False,True,1,1,False
82468,2124508,4,sibling_nonbirth,-112/247,112/247,18,miss,0,True,False,True,1,1,False
82468,1613998,5,sibling_nonbirth,-35/76,35/76,19,miss,0,True,False,True,1,1,False
82468,1103488,6,sibling_nonbirth,-31/76,31/76,17,miss,0,True,False,True,1,1,False
82468,592978,7,sibling_nonbirth,-27/76,27/76,15,miss,0,True,False,True,1,1,False
82468,82468,8,sibling_nonbirth,-23/76,23/76,13,miss,0,True,False,True,1,1,False
82468,9271648,9,sibling_nonbirth,-1/4,1/4,11,miss,0,True,False,True,1,1,False
82468,8761138,10,sibling_nonbirth,-15/76,15/76,9,miss,0,True,False,True,1,1,False
82468,8250628,11,sibling_nonbirth,-11/76,11/76,7,miss,0,True,False,True,1,1,False
82468,7740118,12,sibling_nonbirth,-7/76,7/76,5,miss,0,True,False,True,1,1,False
82468,7229608,13,sibling_nonbirth,-3/76,3/76,3,miss,0,True,False,True,1,1,False
82468,6719098,14,birth_close,1/76,-1/76,1,close,-1,True,True,True,1,0,True
82468,6208588,15,sibling_nonbirth,-8/247,8/247,2,miss,0,True,False,True,1,1,False
82468,5698078,16,sibling_nonbirth,-21/247,21/247,4,miss,0,True,False,True,1,1,False
82468,5187568,17,sibling_nonbirth,-34/247,34/247,6,miss,0,True,False,True,1,1,False
82468,4677058,18,sibling_nonbirth,-47/247,47/247,8,miss,0,True,False,True,1,1,False
90926,5706536,0,sibling_nonbirth,-44/133,44/133,14,miss,0,True,False,True,1,1,False
90926,5196026,1,sibling_nonbirth,-37/133,37/133,12,miss,0,True,False,True,1,1,False
90926,4685516,2,sibling_nonbirth,-30/133,30/133,10,miss,0,True,False,True,1,1,False
90926,4175006,3,sibling_nonbirth,-23/133,23/133,8,miss,0,True,False,True,1,1,False
90926,3664496,4,sibling_nonbirth,-16/133,16/133,6,miss,0,True,False,True,1,1,False
90926,3153986,5,sibling_nonbirth,-9/133,9/133,4,miss,0,True,False,True,1,1,False
90926,2643476,6,sibling_nonbirth,-2/133,2/133,2,miss,0,True,False,True,1,1,False
90926,2132966,7,birth_close,1/247,-1/247,1,close,-1,True,True,True,1,0,True
90926,1622456,8,sibling_nonbirth,-12/247,12/247,3,miss,0,True,False,True,1,1,False
90926,1111946,9,sibling_nonbirth,-25/247,25/247,5,miss,0,True,False,True,1,1,False
90926,601436,10,sibling_nonbirth,-2/13,2/13,7,miss,0,True,False,True,1,1,False
90926,90926,11,sibling_nonbirth,-51/247,51/247,9,miss,0,True,False,True,1,1,False
90926,9280106,12,sibling_nonbirth,-64/247,64/247,11,miss,0,True,False,True,1,1,False
90926,8769596,13,sibling_nonbirth,-77/247,77/247,13,miss,0,True,False,True,1,1,False
90926,8259086,14,sibling_nonbirth,-90/247,90/247,15,miss,0,True,False,True,1,1,False
90926,7748576,15,sibling_nonbirth,-103/247,103/247,17,miss,0,True,False,True,1,1,False
90926,7238066,16,sibling_nonbirth,-116/247,116/247,19,miss,0,True,False,True,1,1,False
90926,6727556,17,sibling_nonbirth,-58/133,58/133,18,miss,0,True,False,True,1,1,False
90926,6217046,18,sibling_nonbirth,-51/133,51/133,16,miss,0,True,False,True,1,1,False
95728,3158788,0,sibling_nonbirth,-60/247,60/247,10,miss,0,True,False,True,1,1,False
95728,2648278,1,sibling_nonbirth,-73/247,73/247,12,miss,0,True,False,True,1,1,False
95728,2137768,2,sibling_nonbirth,-86/247,86/247,14,miss,0,True,False,True,1,1,False
95728,1627258,3,sibling_nonbirth,-99/247,99/247,16,miss,0,True,False,True,1,1,False
95728,1116748,4,sibling_nonbirth,-112/247,112/247,18,miss,0,True,False,True,1,1,False
95728,606238,5,sibling_nonbirth,-35/76,35/76,19,miss,0,True,False,True,1,1,False
95728,95728,6,sibling_nonbirth,-31/76,31/76,17,miss,0,True,False,True,1,1,False
95728,9284908,7,sibling_nonbirth,-27/76,27/76,15,miss,0,True,False,True,1,1,False
95728,8774398,8,sibling_nonbirth,-23/76,23/76,13,miss,0,True,False,True,1,1,False
95728,8263888,9,sibling_nonbirth,-1/4,1/4,11,miss,0,True,False,True,1,1,False
95728,7753378,10,sibling_nonbirth,-15/76,15/76,9,miss,0,True,False,True,1,1,False
95728,7242868,11,sibling_nonbirth,-11/76,11/76,7,miss,0,True,False,True,1,1,False
95728,6732358,12,sibling_nonbirth,-7/76,7/76,5,miss,0,True,False,True,1,1,False
95728,6221848,13,sibling_nonbirth,-3/76,3/76,3,miss,0,True,False,True,1,1,False
95728,5711338,14,birth_close,1/76,-1/76,1,close,-1,True,True,True,1,0,True
95728,5200828,15,sibling_nonbirth,-8/247,8/247,2,miss,0,True,False,True,1,1,False
95728,4690318,16,sibling_nonbirth,-21/247,21/247,4,miss,0,True,False,True,1,1,False
95728,4179808,17,sibling_nonbirth,-34/247,34/247,6,miss,0,True,False,True,1,1,False
95728,3669298,18,sibling_nonbirth,-47/247,47/247,8,miss,0,True,False,True,1,1,False
101968,7249108,0,sibling_nonbirth,-60/247,60/247,10,miss,0,True,False,True,1,1,False
101968,6738598,1,sibling_nonbirth,-73/247,73/247,12,miss,0,True,False,True,1,1,False
101968,6228088,2,sibling_nonbirth,-86/247,86/247,14,miss,0,True,False,True,1,1,False
101968,5717578,3,sibling_nonbirth,-99/247,99/247,16,miss,0,True,False,True,1,1,False
101968,5207068,4,sibling_nonbirth,-112/247,112/247,18,miss,0,True,False,True,1,1,False
101968,4696558,5,sibling_nonbirth,-35/76,35/76,19,miss,0,True,False,True,1,1,False
101968,4186048,6,sibling_nonbirth,-31/76,31/76,17,miss,0,True,False,True,1,1,False
101968,3675538,7,sibling_nonbirth,-27/76,27/76,15,miss,0,True,False,True,1,1,False
101968,3165028,8,sibling_nonbirth,-23/76,23/76,13,miss,0,True,False,True,1,1,False
101968,2654518,9,sibling_nonbirth,-1/4,1/4,11,miss,0,True,False,True,1,1,False
101968,2144008,10,sibling_nonbirth,-15/76,15/76,9,miss,0,True,False,True,1,1,False
101968,1633498,11,sibling_nonbirth,-11/76,11/76,7,miss,0,True,False,True,1,1,False
101968,1122988,12,sibling_nonbirth,-7/76,7/76,5,miss,0,True,False,True,1,1,False
101968,612478,13,sibling_nonbirth,-3/76,3/76,3,miss,0,True,False,True,1,1,False
101968,101968,14,birth_close,1/76,-1/76,1,close,-1,True,True,True,1,0,True
101968,9291148,15,sibling_nonbirth,-8/247,8/247,2,miss,0,True,False,True,1,1,False
101968,8780638,16,sibling_nonbirth,-21/247,21/247,4,miss,0,True,False,True,1,1,False
101968,8270128,17,sibling_nonbirth,-34/247,34/247,6,miss,0,True,False,True,1,1,False
101968,7759618,18,sibling_nonbirth,-47/247,47/247,8,miss,0,True,False,True,1,1,False
102904,102904,0,sibling_nonbirth,-44/133,44/133,14,miss,0,True,False,True,1,1,False
102904,9292084,1,sibling_nonbirth,-51/133,51/133,16,miss,0,True,False,True,1,1,False
102904,8781574,2,sibling_nonbirth,-58/133,58/133,18,miss,0,True,False,True,1,1,False
102904,8271064,3,sibling_nonbirth,-116/247,116/247,19,miss,0,True,False,True,1,1,False
102904,7760554,4,sibling_nonbirth,-103/247,103/247,17,miss,0,True,False,True,1,1,False
102904,7250044,5,sibling_nonbirth,-90/247,90/247,15,miss,0,True,False,True,1,1,False
102904,6739534,6,sibling_nonbirth,-77/247,77/247,13,miss,0,True,False,True,1,1,False
102904,6229024,7,sibling_nonbirth,-64/247,64/247,11,miss,0,True,False,True,1,1,False
102904,5718514,8,sibling_nonbirth,-51/247,51/247,9,miss,0,True,False,True,1,1,False
102904,5208004,9,sibling_nonbirth,-2/13,2/13,7,miss,0,True,False,True,1,1,False
102904,4697494,10,sibling_nonbirth,-25/247,25/247,5,miss,0,True,False,True,1,1,False
102904,4186984,11,sibling_nonbirth,-12/247,12/247,3,miss,0,True,False,True,1,1,False
102904,3676474,12,birth_close,1/247,-1/247,1,close,-1,True,True,True,1,0,True
102904,3165964,13,sibling_nonbirth,-2/133,2/133,2,miss,0,True,False,True,1,1,False
102904,2655454,14,sibling_nonbirth,-9/133,9/133,4,miss,0,True,False,True,1,1,False
102904,2144944,15,sibling_nonbirth,-16/133,16/133,6,miss,0,True,False,True,1,1,False
102904,1634434,16,sibling_nonbirth,-23/133,23/133,8,miss,0,True,False,True,1,1,False
102904,1123924,17,sibling_nonbirth,-30/133,30/133,10,miss,0,True,False,True,1,1,False
102904,613414,18,sibling_nonbirth,-37/133,37/133,12,miss,0,True,False,True,1,1,False
111362,1642892,0,sibling_nonbirth,-60/247,60/247,10,miss,0,True,False,True,1,1,False
111362,1132382,1,sibling_nonbirth,-47/247,47/247,8,miss,0,True,False,True,1,1,False
111362,621872,2,sibling_nonbirth,-34/247,34/247,6,miss,0,True,False,True,1,1,False
111362,111362,3,sibling_nonbirth,-21/247,21/247,4,miss,0,True,False,True,1,1,False
111362,9300542,4,sibling_nonbirth,-8/247,8/247,2,miss,0,True,False,True,1,1,False
111362,8790032,5,birth_close,1/76,-1/76,1,close,-1,True,True,True,1,0,True
111362,8279522,6,sibling_nonbirth,-3/76,3/76,3,miss,0,True,False,True,1,1,False
111362,7769012,7,sibling_nonbirth,-7/76,7/76,5,miss,0,True,False,True,1,1,False
111362,7258502,8,sibling_nonbirth,-11/76,11/76,7,miss,0,True,False,True,1,1,False
111362,6747992,9,sibling_nonbirth,-15/76,15/76,9,miss,0,True,False,True,1,1,False
111362,6237482,10,sibling_nonbirth,-1/4,1/4,11,miss,0,True,False,True,1,1,False
111362,5726972,11,sibling_nonbirth,-23/76,23/76,13,miss,0,True,False,True,1,1,False
111362,5216462,12,sibling_nonbirth,-27/76,27/76,15,miss,0,True,False,True,1,1,False
111362,4705952,13,sibling_nonbirth,-31/76,31/76,17,miss,0,True,False,True,1,1,False
111362,4195442,14,sibling_nonbirth,-35/76,35/76,19,miss,0,True,False,True,1,1,False
111362,3684932,15,sibling_nonbirth,-112/247,112/247,18,miss,0,True,False,True,1,1,False
111362,3174422,16,sibling_nonbirth,-99/247,99/247,16,miss,0,True,False,True,1,1,False
111362,2663912,17,sibling_nonbirth,-86/247,86/247,14,miss,0,True,False,True,1,1,False
111362,2153402,18,sibling_nonbirth,-73/247,73/247,12,miss,0,True,False,True,1,1,False
118772,1650302,0,sibling_nonbirth,-60/247,60/247,10,miss,0,True,False,True,1,1,False
118772,1139792,1,sibling_nonbirth,-47/247,47/247,8,miss,0,True,False,True,1,1,False
118772,629282,2,sibling_nonbirth,-34/247,34/247,6,miss,0,True,False,True,1,1,False
118772,118772,3,sibling_nonbirth,-21/247,21/247,4,miss,0,True,False,True,1,1,False
118772,9307952,4,sibling_nonbirth,-8/247,8/247,2,miss,0,True,False,True,1,1,False
118772,8797442,5,birth_close,1/76,-1/76,1,close,-1,True,True,True,1,0,True
118772,8286932,6,sibling_nonbirth,-3/76,3/76,3,miss,0,True,False,True,1,1,False
118772,7776422,7,sibling_nonbirth,-7/76,7/76,5,miss,0,True,False,True,1,1,False
118772,7265912,8,sibling_nonbirth,-11/76,11/76,7,miss,0,True,False,True,1,1,False
118772,6755402,9,sibling_nonbirth,-15/76,15/76,9,miss,0,True,False,True,1,1,False
118772,6244892,10,sibling_nonbirth,-1/4,1/4,11,miss,0,True,False,True,1,1,False
118772,5734382,11,sibling_nonbirth,-23/76,23/76,13,miss,0,True,False,True,1,1,False
118772,5223872,12,sibling_nonbirth,-27/76,27/76,15,miss,0,True,False,True,1,1,False
118772,4713362,13,sibling_nonbirth,-31/76,31/76,17,miss,0,True,False,True,1,1,False
118772,4202852,14,sibling_nonbirth,-35/76,35/76,19,miss,0,True,False,True,1,1,False
118772,3692342,15,sibling_nonbirth,-112/247,112/247,18,miss,0,True,False,True,1,1,False
118772,3181832,16,sibling_nonbirth,-99/247,99/247,16,miss,0,True,False,True,1,1,False
118772,2671322,17,sibling_nonbirth,-86/247,86/247,14,miss,0,True,False,True,1,1,False
118772,2160812,18,sibling_nonbirth,-73/247,73/247,12,miss,0,True,False,True,1,1,False
121701,3184761,0,sibling_nonbirth,-42/209,42/209,9,miss,0,True,False,True,1,1,False
121701,2674251,1,sibling_nonbirth,-53/209,53/209,11,miss,0,True,False,True,1,1,False
121701,2163741,2,sibling_nonbirth,-64/209,64/209,13,miss,0,True,False,True,1,1,False
121701,1653231,3,sibling_nonbirth,-75/209,75/209,15,miss,0,True,False,True,1,1,False
121701,1142721,4,sibling_nonbirth,-86/209,86/209,17,miss,0,True,False,True,1,1,False
121701,632211,5,sibling_nonbirth,-97/209,97/209,19,miss,0,True,False,True,1,1,False
121701,121701,6,sibling_nonbirth,-59/133,59/133,18,miss,0,True,False,True,1,1,False
121701,9310881,7,sibling_nonbirth,-52/133,52/133,16,miss,0,True,False,True,1,1,False
121701,8800371,8,sibling_nonbirth,-45/133,45/133,14,miss,0,True,False,True,1,1,False
121701,8289861,9,sibling_nonbirth,-2/7,2/7,12,miss,0,True,False,True,1,1,False
121701,7779351,10,sibling_nonbirth,-31/133,31/133,10,miss,0,True,False,True,1,1,False
121701,7268841,11,sibling_nonbirth,-24/133,24/133,8,miss,0,True,False,True,1,1,False
121701,6758331,12,sibling_nonbirth,-17/133,17/133,6,miss,0,True,False,True,1,1,False
121701,6247821,13,sibling_nonbirth,-10/133,10/133,4,miss,0,True,False,True,1,1,False
121701,5737311,14,sibling_nonbirth,-3/133,3/133,2,miss,0,True,False,True,1,1,False
121701,5226801,15,birth_close,2/209,-2/209,1,close,-1,True,True,True,1,0,True
121701,4716291,16,sibling_nonbirth,-9/209,9/209,3,miss,0,True,False,True,1,1,False
121701,4205781,17,sibling_nonbirth,-20/209,20/209,5,miss,0,True,False,True,1,1,False
121701,3695271,18,sibling_nonbirth,-31/209,31/209,7,miss,0,True,False,True,1,1,False
128319,6254439,0,sibling_nonbirth,-25/133,25/133,8,miss,0,True,False,True,1,1,False
128319,5743929,1,sibling_nonbirth,-18/133,18/133,6,miss,0,True,False,True,1,1,False
128319,5233419,2,sibling_nonbirth,-11/133,11/133,4,miss,0,True,False,True,1,1,False
128319,4722909,3,sibling_nonbirth,-4/133,4/133,2,miss,0,True,False,True,1,1,False
128319,4212399,4,birth_close,7/323,-7/323,1,close,-1,True,True,True,1,0,True
128319,3701889,5,sibling_nonbirth,-10/323,10/323,3,miss,0,True,False,True,1,1,False
128319,3191379,6,sibling_nonbirth,-27/323,27/323,5,miss,0,True,False,True,1,1,False
128319,2680869,7,sibling_nonbirth,-44/323,44/323,7,miss,0,True,False,True,1,1,False
128319,2170359,8,sibling_nonbirth,-61/323,61/323,9,miss,0,True,False,True,1,1,False
128319,1659849,9,sibling_nonbirth,-78/323,78/323,11,miss,0,True,False,True,1,1,False
128319,1149339,10,sibling_nonbirth,-5/17,5/17,13,miss,0,True,False,True,1,1,False
128319,638829,11,sibling_nonbirth,-112/323,112/323,15,miss,0,True,False,True,1,1,False
128319,128319,12,sibling_nonbirth,-129/323,129/323,17,miss,0,True,False,True,1,1,False
128319,9317499,13,sibling_nonbirth,-146/323,146/323,19,miss,0,True,False,True,1,1,False
128319,8806989,14,sibling_nonbirth,-60/133,60/133,18,miss,0,True,False,True,1,1,False
128319,8296479,15,sibling_nonbirth,-53/133,53/133,16,miss,0,True,False,True,1,1,False
128319,7785969,16,sibling_nonbirth,-46/133,46/133,14,miss,0,True,False,True,1,1,False
128319,7275459,17,sibling_nonbirth,-39/133,39/133,12,miss,0,True,False,True,1,1,False
128319,6764949,18,sibling_nonbirth,-32/133,32/133,10,miss,0,True,False,True,1,1,False
133346,2175386,0,sibling_nonbirth,-61/209,61/209,12,miss,0,True,False,True,1,1,False
133346,1664876,1,sibling_nonbirth,-50/209,50/209,10,miss,0,True,False,True,1,1,False
133346,1154366,2,sibling_nonbirth,-39/209,39/209,8,miss,0,True,False,True,1,1,False
133346,643856,3,sibling_nonbirth,-28/209,28/209,6,miss,0,True,False,True,1,1,False
133346,133346,4,sibling_nonbirth,-17/209,17/209,4,miss,0,True,False,True,1,1,False
133346,9322526,5,sibling_nonbirth,-6/209,6/209,2,miss,0,True,False,True,1,1,False
133346,8812016,6,birth_close,1/95,-1/95,1,close,-1,True,True,True,1,0,True
133346,8301506,7,sibling_nonbirth,-4/95,4/95,3,miss,0,True,False,True,1,1,False
133346,7790996,8,sibling_nonbirth,-9/95,9/95,5,miss,0,True,False,True,1,1,False
133346,7280486,9,sibling_nonbirth,-14/95,14/95,7,miss,0,True,False,True,1,1,False
133346,6769976,10,sibling_nonbirth,-1/5,1/5,9,miss,0,True,False,True,1,1,False
133346,6259466,11,sibling_nonbirth,-24/95,24/95,11,miss,0,True,False,True,1,1,False
133346,5748956,12,sibling_nonbirth,-29/95,29/95,13,miss,0,True,False,True,1,1,False
133346,5238446,13,sibling_nonbirth,-34/95,34/95,15,miss,0,True,False,True,1,1,False
133346,4727936,14,sibling_nonbirth,-39/95,39/95,17,miss,0,True,False,True,1,1,False
133346,4217426,15,sibling_nonbirth,-44/95,44/95,19,miss,0,True,False,True,1,1,False
133346,3706916,16,sibling_nonbirth,-94/209,94/209,18,miss,0,True,False,True,1,1,False
133346,3196406,17,sibling_nonbirth,-83/209,83/209,16,miss,0,True,False,True,1,1,False
133346,2685896,18,sibling_nonbirth,-72/209,72/209,14,miss,0,True,False,True,1,1,False
144182,5249282,0,sibling_nonbirth,-77/323,77/323,10,miss,0,True,False,True,1,1,False
144182,4738772,1,sibling_nonbirth,-60/323,60/323,8,miss,0,True,False,True,1,1,False
144182,4228262,2,sibling_nonbirth,-43/323,43/323,6,miss,0,True,False,True,1,1,False
144182,3717752,3,sibling_nonbirth,-26/323,26/323,4,miss,0,True,False,True,1,1,False
144182,3207242,4,sibling_nonbirth,-9/323,9/323,2,miss,0,True,False,True,1,1,False
144182,2696732,5,birth_close,1/76,-1/76,1,close,-1,True,True,True,1,0,True
144182,2186222,6,sibling_nonbirth,-3/76,3/76,3,miss,0,True,False,True,1,1,False
144182,1675712,7,sibling_nonbirth,-7/76,7/76,5,miss,0,True,False,True,1,1,False
144182,1165202,8,sibling_nonbirth,-11/76,11/76,7,miss,0,True,False,True,1,1,False
144182,654692,9,sibling_nonbirth,-15/76,15/76,9,miss,0,True,False,True,1,1,False
144182,144182,10,sibling_nonbirth,-1/4,1/4,11,miss,0,True,False,True,1,1,False
144182,9333362,11,sibling_nonbirth,-23/76,23/76,13,miss,0,True,False,True,1,1,False
144182,8822852,12,sibling_nonbirth,-27/76,27/76,15,miss,0,True,False,True,1,1,False
144182,8312342,13,sibling_nonbirth,-31/76,31/76,17,miss,0,True,False,True,1,1,False
144182,7801832,14,sibling_nonbirth,-35/76,35/76,19,miss,0,True,False,True,1,1,False
144182,7291322,15,sibling_nonbirth,-145/323,145/323,18,miss,0,True,False,True,1,1,False
144182,6780812,16,sibling_nonbirth,-128/323,128/323,16,miss,0,True,False,True,1,1,False
144182,6270302,17,sibling_nonbirth,-111/323,111/323,14,miss,0,True,False,True,1,1,False
144182,5759792,18,sibling_nonbirth,-94/323,94/323,12,miss,0,True,False,True,1,1,False
150752,3213812,0,sibling_nonbirth,-60/247,60/247,10,miss,0,True,False,True,1,1,False
150752,2703302,1,sibling_nonbirth,-47/247,47/247,8,miss,0,True,False,True,1,1,False
150752,2192792,2,sibling_nonbirth,-34/247,34/247,6,miss,0,True,False,True,1,1,False
150752,1682282,3,sibling_nonbirth,-21/247,21/247,4,miss,0,True,False,True,1,1,False
150752,1171772,4,sibling_nonbirth,-8/247,8/247,2,miss,0,True,False,True,1,1,False
150752,661262,5,birth_close,1/76,-1/76,1,close,-1,True,True,True,1,0,True
150752,150752,6,sibling_nonbirth,-3/76,3/76,3,miss,0,True,False,True,1,1,False
150752,9339932,7,sibling_nonbirth,-7/76,7/76,5,miss,0,True,False,True,1,1,False
150752,8829422,8,sibling_nonbirth,-11/76,11/76,7,miss,0,True,False,True,1,1,False
150752,8318912,9,sibling_nonbirth,-15/76,15/76,9,miss,0,True,False,True,1,1,False
150752,7808402,10,sibling_nonbirth,-1/4,1/4,11,miss,0,True,False,True,1,1,False
150752,7297892,11,sibling_nonbirth,-23/76,23/76,13,miss,0,True,False,True,1,1,False
150752,6787382,12,sibling_nonbirth,-27/76,27/76,15,miss,0,True,False,True,1,1,False
150752,6276872,13,sibling_nonbirth,-31/76,31/76,17,miss,0,True,False,True,1,1,False
150752,5766362,14,sibling_nonbirth,-35/76,35/76,19,miss,0,True,False,True,1,1,False
150752,5255852,15,sibling_nonbirth,-112/247,112/247,18,miss,0,True,False,True,1,1,False
150752,4745342,16,sibling_nonbirth,-99/247,99/247,16,miss,0,True,False,True,1,1,False
150752,4234832,17,sibling_nonbirth,-86/247,86/247,14,miss,0,True,False,True,1,1,False
150752,3724322,18,sibling_nonbirth,-73/247,73/247,12,miss,0,True,False,True,1,1,False
152702,9341882,0,sibling_nonbirth,-60/247,60/247,10,miss,0,True,False,True,1,1,False
152702,8831372,1,sibling_nonbirth,-47/247,47/247,8,miss,0,True,False,True,1,1,False
152702,8320862,2,sibling_nonbirth,-34/247,34/247,6,miss,0,True,False,True,1,1,False
152702,7810352,3,sibling_nonbirth,-21/247,21/247,4,miss,0,True,False,True,1,1,False
152702,7299842,4,sibling_nonbirth,-8/247,8/247,2,miss,0,True,False,True,1,1,False
152702,6789332,5,birth_close,1/76,-1/76,1,close,-1,True,True,True,1,0,True
152702,6278822,6,sibling_nonbirth,-3/76,3/76,3,miss,0,True,False,True,1,1,False
152702,5768312,7,sibling_nonbirth,-7/76,7/76,5,miss,0,True,False,True,1,1,False
152702,5257802,8,sibling_nonbirth,-11/76,11/76,7,miss,0,True,False,True,1,1,False
152702,4747292,9,sibling_nonbirth,-15/76,15/76,9,miss,0,True,False,True,1,1,False
152702,4236782,10,sibling_nonbirth,-1/4,1/4,11,miss,0,True,False,True,1,1,False
152702,3726272,11,sibling_nonbirth,-23/76,23/76,13,miss,0,True,False,True,1,1,False
152702,3215762,12,sibling_nonbirth,-27/76,27/76,15,miss,0,True,False,True,1,1,False
152702,2705252,13,sibling_nonbirth,-31/76,31/76,17,miss,0,True,False,True,1,1,False
152702,2194742,14,sibling_nonbirth,-35/76,35/76,19,miss,0,True,False,True,1,1,False
152702,1684232,15,sibling_nonbirth,-112/247,112/247,18,miss,0,True,False,True,1,1,False
152702,1173722,16,sibling_nonbirth,-99/247,99/247,16,miss,0,True,False,True,1,1,False
152702,663212,17,sibling_nonbirth,-86/247,86/247,14,miss,0,True,False,True,1,1,False
152702,152702,18,sibling_nonbirth,-73/247,73/247,12,miss,0,True,False,True,1,1,False
168268,2210308,0,sibling_nonbirth,-60/247,60/247,10,miss,0,True,False,True,1,1,False
168268,1699798,1,sibling_nonbirth,-73/247,73/247,12,miss,0,True,False,True,1,1,False
168268,1189288,2,sibling_nonbirth,-86/247,86/247,14,miss,0,True,False,True,1,1,False
168268,678778,3,sibling_nonbirth,-99/247,99/247,16,miss,0,True,False,True,1,1,False
168268,168268,4,sibling_nonbirth,-112/247,112/247,18,miss,0,True,False,True,1,1,False
168268,9357448,5,sibling_nonbirth,-35/76,35/76,19,miss,0,True,False,True,1,1,False
168268,8846938,6,sibling_nonbirth,-31/76,31/76,17,miss,0,True,False,True,1,1,False
168268,8336428,7,sibling_nonbirth,-27/76,27/76,15,miss,0,True,False,True,1,1,False
168268,7825918,8,sibling_nonbirth,-23/76,23/76,13,miss,0,True,False,True,1,1,False
168268,7315408,9,sibling_nonbirth,-1/4,1/4,11,miss,0,True,False,True,1,1,False
168268,6804898,10,sibling_nonbirth,-15/76,15/76,9,miss,0,True,False,True,1,1,False
168268,6294388,11,sibling_nonbirth,-11/76,11/76,7,miss,0,True,False,True,1,1,False
168268,5783878,12,sibling_nonbirth,-7/76,7/76,5,miss,0,True,False,True,1,1,False
168268,5273368,13,sibling_nonbirth,-3/76,3/76,3,miss,0,True,False,True,1,1,False
168268,4762858,14,birth_close,1/76,-1/76,1,close,-1,True,True,True,1,0,True
168268,4252348,15,sibling_nonbirth,-8/247,8/247,2,miss,0,True,False,True,1,1,False
168268,3741838,16,sibling_nonbirth,-21/247,21/247,4,miss,0,True,False,True,1,1,False
168268,3231328,17,sibling_nonbirth,-34/247,34/247,6,miss,0,True,False,True,1,1,False
168268,2720818,18,sibling_nonbirth,-47/247,47/247,8,miss,0,True,False,True,1,1,False
183902,694412,0,sibling_nonbirth,-60/247,60/247,10,miss,0,True,False,True,1,1,False
183902,183902,1,sibling_nonbirth,-47/247,47/247,8,miss,0,True,False,True,1,1,False
183902,9373082,2,sibling_nonbirth,-34/247,34/247,6,miss,0,True,False,True,1,1,False
183902,8862572,3,sibling_nonbirth,-21/247,21/247,4,miss,0,True,False,True,1,1,False
183902,8352062,4,sibling_nonbirth,-8/247,8/247,2,miss,0,True,False,True,1,1,False
183902,7841552,5,birth_close,1/76,-1/76,1,close,-1,True,True,True,1,0,True
183902,7331042,6,sibling_nonbirth,-3/76,3/76,3,miss,0,True,False,True,1,1,False
183902,6820532,7,sibling_nonbirth,-7/76,7/76,5,miss,0,True,False,True,1,1,False
183902,6310022,8,sibling_nonbirth,-11/76,11/76,7,miss,0,True,False,True,1,1,False
183902,5799512,9,sibling_nonbirth,-15/76,15/76,9,miss,0,True,False,True,1,1,False
183902,5289002,10,sibling_nonbirth,-1/4,1/4,11,miss,0,True,False,True,1,1,False
183902,4778492,11,sibling_nonbirth,-23/76,23/76,13,miss,0,True,False,True,1,1,False
183902,4267982,12,sibling_nonbirth,-27/76,27/76,15,miss,0,True,False,True,1,1,False
183902,3757472,13,sibling_nonbirth,-31/76,31/76,17,miss,0,True,False,True,1,1,False
183902,3246962,14,sibling_nonbirth,-35/76,35/76,19,miss,0,True,False,True,1,1,False
183902,2736452,15,sibling_nonbirth,-112/247,112/247,18,miss,0,True,False,True,1,1,False
183902,2225942,16,sibling_nonbirth,-99/247,99/247,16,miss,0,True,False,True,1,1,False
183902,1715432,17,sibling_nonbirth,-86/247,86/247,14,miss,0,True,False,True,1,1,False
183902,1204922,18,sibling_nonbirth,-73/247,73/247,12,miss,0,True,False,True,1,1,False
217408,5322508,0,sibling_nonbirth,-77/323,77/323,10,miss,0,True,False,True,1,1,False
217408,4811998,1,sibling_nonbirth,-94/323,94/323,12,miss,0,True,False,True,1,1,False
217408,4301488,2,sibling_nonbirth,-111/323,111/323,14,miss,0,True,False,True,1,1,False
217408,3790978,3,sibling_nonbirth,-128/323,128/323,16,miss,0,True,False,True,1,1,False
217408,3280468,4,sibling_nonbirth,-145/323,145/323,18,miss,0,True,False,True,1,1,False
217408,2769958,5,sibling_nonbirth,-35/76,35/76,19,miss,0,True,False,True,1,1,False
217408,2259448,6,sibling_nonbirth,-31/76,31/76,17,miss,0,True,False,True,1,1,False
217408,1748938,7,sibling_nonbirth,-27/76,27/76,15,miss,0,True,False,True,1,1,False
217408,1238428,8,sibling_nonbirth,-23/76,23/76,13,miss,0,True,False,True,1,1,False
217408,727918,9,sibling_nonbirth,-1/4,1/4,11,miss,0,True,False,True,1,1,False
217408,217408,10,sibling_nonbirth,-15/76,15/76,9,miss,0,True,False,True,1,1,False
217408,9406588,11,sibling_nonbirth,-11/76,11/76,7,miss,0,True,False,True,1,1,False
217408,8896078,12,sibling_nonbirth,-7/76,7/76,5,miss,0,True,False,True,1,1,False
217408,8385568,13,sibling_nonbirth,-3/76,3/76,3,miss,0,True,False,True,1,1,False
217408,7875058,14,birth_close,1/76,-1/76,1,close,-1,True,True,True,1,0,True
217408,7364548,15,sibling_nonbirth,-9/323,9/323,2,miss,0,True,False,True,1,1,False
217408,6854038,16,sibling_nonbirth,-26/323,26/323,4,miss,0,True,False,True,1,1,False
217408,6343528,17,sibling_nonbirth,-43/323,43/323,6,miss,0,True,False,True,1,1,False
217408,5833018,18,sibling_nonbirth,-60/323,60/323,8,miss,0,True,False,True,1,1,False
232708,7890358,0,sibling_nonbirth,-77/323,77/323,10,miss,0,True,False,True,1,1,False
232708,7379848,1,sibling_nonbirth,-94/323,94/323,12,miss,0,True,False,True,1,1,False
232708,6869338,2,sibling_nonbirth,-111/323,111/323,14,miss,0,True,False,True,1,1,False
232708,6358828,3,sibling_nonbirth,-128/323,128/323,16,miss,0,True,False,True,1,1,False
232708,5848318,4,sibling_nonbirth,-145/323,145/323,18,miss,0,True,False,True,1,1,False
232708,5337808,5,sibling_nonbirth,-35/76,35/76,19,miss,0,True,False,True,1,1,False
232708,4827298,6,sibling_nonbirth,-31/76,31/76,17,miss,0,True,False,True,1,1,False
232708,4316788,7,sibling_nonbirth,-27/76,27/76,15,miss,0,True,False,True,1,1,False
232708,3806278,8,sibling_nonbirth,-23/76,23/76,13,miss,0,True,False,True,1,1,False
232708,3295768,9,sibling_nonbirth,-1/4,1/4,11,miss,0,True,False,True,1,1,False
232708,2785258,10,sibling_nonbirth,-15/76,15/76,9,miss,0,True,False,True,1,1,False
232708,2274748,11,sibling_nonbirth,-11/76,11/76,7,miss,0,True,False,True,1,1,False
232708,1764238,12,sibling_nonbirth,-7/76,7/76,5,miss,0,True,False,True,1,1,False
232708,1253728,13,sibling_nonbirth,-3/76,3/76,3,miss,0,True,False,True,1,1,False
232708,743218,14,birth_close,1/76,-1/76,1,close,-1,True,True,True,1,0,True
232708,232708,15,sibling_nonbirth,-9/323,9/323,2,miss,0,True,False,True,1,1,False
232708,9421888,16,sibling_nonbirth,-26/323,26/323,4,miss,0,True,False,True,1,1,False
232708,8911378,17,sibling_nonbirth,-43/323,43/323,6,miss,0,True,False,True,1,1,False
232708,8400868,18,sibling_nonbirth,-60/323,60/323,8,miss,0,True,False,True,1,1,False
275619,2828169,0,sibling_nonbirth,-42/209,42/209,9,miss,0,True,False,True,1,1,False
275619,2317659,1,sibling_nonbirth,-31/209,31/209,7,miss,0,True,False,True,1,1,False
275619,1807149,2,sibling_nonbirth,-20/209,20/209,5,miss,0,True,False,True,1,1,False
275619,1296639,3,sibling_nonbirth,-9/209,9/209,3,miss,0,True,False,True,1,1,False
275619,786129,4,birth_close,2/209,-2/209,1,close,-1,True,True,True,1,0,True
275619,275619,5,sibling_nonbirth,-3/133,3/133,2,miss,0,True,False,True,1,1,False
275619,9464799,6,sibling_nonbirth,-10/133,10/133,4,miss,0,True,False,True,1,1,False
275619,8954289,7,sibling_nonbirth,-17/133,17/133,6,miss,0,True,False,True,1,1,False
275619,8443779,8,sibling_nonbirth,-24/133,24/133,8,miss,0,True,False,True,1,1,False
275619,7933269,9,sibling_nonbirth,-31/133,31/133,10,miss,0,True,False,True,1,1,False
275619,7422759,10,sibling_nonbirth,-2/7,2/7,12,miss,0,True,False,True,1,1,False
275619,6912249,11,sibling_nonbirth,-45/133,45/133,14,miss,0,True,False,True,1,1,False
275619,6401739,12,sibling_nonbirth,-52/133,52/133,16,miss,0,True,False,True,1,1,False
275619,5891229,13,sibling_nonbirth,-59/133,59/133,18,miss,0,True,False,True,1,1,False
275619,5380719,14,sibling_nonbirth,-97/209,97/209,19,miss,0,True,False,True,1,1,False
275619,4870209,15,sibling_nonbirth,-86/209,86/209,17,miss,0,True,False,True,1,1,False
275619,4359699,16,sibling_nonbirth,-75/209,75/209,15,miss,0,True,False,True,1,1,False
275619,3849189,17,sibling_nonbirth,-64/209,64/209,13,miss,0,True,False,True,1,1,False
275619,3338679,18,sibling_nonbirth,-53/209,53/209,11,miss,0,True,False,True,1,1,False
330040,5435140,0,sibling_nonbirth,-60/247,60/247,10,miss,0,True,False,True,1,1,False
330040,4924630,1,sibling_nonbirth,-73/247,73/247,12,miss,0,True,False,True,1,1,False
330040,4414120,2,sibling_nonbirth,-86/247,86/247,14,miss,0,True,False,True,1,1,False
330040,3903610,3,sibling_nonbirth,-99/247,99/247,16,miss,0,True,False,True,1,1,False
330040,3393100,4,sibling_nonbirth,-112/247,112/247,18,miss,0,True,False,True,1,1,False
330040,2882590,5,sibling_nonbirth,-35/76,35/76,19,miss,0,True,False,True,1,1,False
330040,2372080,6,sibling_nonbirth,-31/76,31/76,17,miss,0,True,False,True,1,1,False
330040,1861570,7,sibling_nonbirth,-27/76,27/76,15,miss,0,True,False,True,1,1,False
330040,1351060,8,sibling_nonbirth,-23/76,23/76,13,miss,0,True,False,True,1,1,False
330040,840550,9,sibling_nonbirth,-1/4,1/4,11,miss,0,True,False,True,1,1,False
330040,330040,10,sibling_nonbirth,-15/76,15/76,9,miss,0,True,False,True,1,1,False
330040,9519220,11,sibling_nonbirth,-11/76,11/76,7,miss,0,True,False,True,1,1,False
330040,9008710,12,sibling_nonbirth,-7/76,7/76,5,miss,0,True,False,True,1,1,False
330040,8498200,13,sibling_nonbirth,-3/76,3/76,3,miss,0,True,False,True,1,1,False
330040,7987690,14,birth_close,1/76,-1/76,1,close,-1,True,True,True,1,0,True
330040,7477180,15,sibling_nonbirth,-8/247,8/247,2,miss,0,True,False,True,1,1,False
330040,6966670,16,sibling_nonbirth,-21/247,21/247,4,miss,0,True,False,True,1,1,False
330040,6456160,17,sibling_nonbirth,-34/247,34/247,6,miss,0,True,False,True,1,1,False
330040,5945650,18,sibling_nonbirth,-47/247,47/247,8,miss,0,True,False,True,1,1,False
333231,4927821,0,sibling_nonbirth,-42/209,42/209,9,miss,0,True,False,True,1,1,False
333231,4417311,1,sibling_nonbirth,-53/209,53/209,11,miss,0,True,False,True,1,1,False
333231,3906801,2,sibling_nonbirth,-64/209,64/209,13,miss,0,True,False,True,1,1,False
333231,3396291,3,sibling_nonbirth,-75/209,75/209,15,miss,0,True,False,True,1,1,False
333231,2885781,4,sibling_nonbirth,-86/209,86/209,17,miss,0,True,False,True,1,1,False
333231,2375271,5,sibling_nonbirth,-97/209,97/209,19,miss,0,True,False,True,1,1,False
333231,1864761,6,sibling_nonbirth,-146/323,146/323,18,miss,0,True,False,True,1,1,False
333231,1354251,7,sibling_nonbirth,-129/323,129/323,16,miss,0,True,False,True,1,1,False
333231,843741,8,sibling_nonbirth,-112/323,112/323,14,miss,0,True,False,True,1,1,False
333231,333231,9,sibling_nonbirth,-5/17,5/17,12,miss,0,True,False,True,1,1,False
333231,9522411,10,sibling_nonbirth,-78/323,78/323,10,miss,0,True,False,True,1,1,False
333231,9011901,11,sibling_nonbirth,-61/323,61/323,8,miss,0,True,False,True,1,1,False
333231,8501391,12,sibling_nonbirth,-44/323,44/323,6,miss,0,True,False,True,1,1,False
333231,7990881,13,sibling_nonbirth,-27/323,27/323,4,miss,0,True,False,True,1,1,False
333231,7480371,14,sibling_nonbirth,-10/323,10/323,2,miss,0,True,False,True,1,1,False
333231,6969861,15,birth_close,2/209,-2/209,1,close,-1,True,True,True,1,0,True
333231,6459351,16,sibling_nonbirth,-9/209,9/209,3,miss,0,True,False,True,1,1,False
333231,5948841,17,sibling_nonbirth,-20/209,20/209,5,miss,0,True,False,True,1,1,False
333231,5438331,18,sibling_nonbirth,-31/209,31/209,7,miss,0,True,False,True,1,1,False
367714,3941284,0,sibling_nonbirth,-44/133,44/133,14,miss,0,True,False,True,1,1,False
367714,3430774,1,sibling_nonbirth,-51/133,51/133,16,miss,0,True,False,True,1,1,False
367714,2920264,2,sibling_nonbirth,-58/133,58/133,18,miss,0,True,False,True,1,1,False
367714,2409754,3,sibling_nonbirth,-116/247,116/247,19,miss,0,True,False,True,1,1,False
367714,1899244,4,sibling_nonbirth,-103/247,103/247,17,miss,0,True,False,True,1,1,False
367714,1388734,5,sibling_nonbirth,-90/247,90/247,15,miss,0,True,False,True,1,1,False
367714,878224,6,sibling_nonbirth,-77/247,77/247,13,miss,0,True,False,True,1,1,False
367714,367714,7,sibling_nonbirth,-64/247,64/247,11,miss,0,True,False,True,1,1,False
367714,9556894,8,sibling_nonbirth,-51/247,51/247,9,miss,0,True,False,True,1,1,False
367714,9046384,9,sibling_nonbirth,-2/13,2/13,7,miss,0,True,False,True,1,1,False
367714,8535874,10,sibling_nonbirth,-25/247,25/247,5,miss,0,True,False,True,1,1,False
367714,8025364,11,sibling_nonbirth,-12/247,12/247,3,miss,0,True,False,True,1,1,False
367714,7514854,12,birth_close,1/247,-1/247,1,close,-1,True,True,True,1,0,True
367714,7004344,13,sibling_nonbirth,-2/133,2/133,2,miss,0,True,False,True,1,1,False
367714,6493834,14,sibling_nonbirth,-9/133,9/133,4,miss,0,True,False,True,1,1,False
367714,5983324,15,sibling_nonbirth,-16/133,16/133,6,miss,0,True,False,True,1,1,False
367714,5472814,16,sibling_nonbirth,-23/133,23/133,8,miss,0,True,False,True,1,1,False
367714,4962304,17,sibling_nonbirth,-30/133,30/133,10,miss,0,True,False,True,1,1,False
367714,4451794,18,sibling_nonbirth,-37/133,37/133,12,miss,0,True,False,True,1,1,False
370778,6496898,0,sibling_nonbirth,-134/323,134/323,17,miss,0,True,False,True,1,1,False
370778,5986388,1,sibling_nonbirth,-117/323,117/323,15,miss,0,True,False,True,1,1,False
370778,5475878,2,sibling_nonbirth,-100/323,100/323,13,miss,0,True,False,True,1,1,False
370778,4965368,3,sibling_nonbirth,-83/323,83/323,11,miss,0,True,False,True,1,1,False
370778,4454858,4,sibling_nonbirth,-66/323,66/323,9,miss,0,True,False,True,1,1,False
370778,3944348,5,sibling_nonbirth,-49/323,49/323,7,miss,0,True,False,True,1,1,False
370778,3433838,6,sibling_nonbirth,-32/323,32/323,5,miss,0,True,False,True,1,1,False
370778,2923328,7,sibling_nonbirth,-15/323,15/323,3,miss,0,True,False,True,1,1,False
370778,2412818,8,birth_close,2/323,-2/323,1,close,-1,True,True,True,1,0,True
370778,1902308,9,sibling_nonbirth,-6/247,6/247,2,miss,0,True,False,True,1,1,False
370778,1391798,10,sibling_nonbirth,-1/13,1/13,4,miss,0,True,False,True,1,1,False
370778,881288,11,sibling_nonbirth,-32/247,32/247,6,miss,0,True,False,True,1,1,False
370778,370778,12,sibling_nonbirth,-45/247,45/247,8,miss,0,True,False,True,1,1,False
370778,9559958,13,sibling_nonbirth,-58/247,58/247,10,miss,0,True,False,True,1,1,False
370778,9049448,14,sibling_nonbirth,-71/247,71/247,12,miss,0,True,False,True,1,1,False
370778,8538938,15,sibling_nonbirth,-84/247,84/247,14,miss,0,True,False,True,1,1,False
370778,8028428,16,sibling_nonbirth,-97/247,97/247,16,miss,0,True,False,True,1,1,False
370778,7517918,17,sibling_nonbirth,-110/247,110/247,18,miss,0,True,False,True,1,1,False
370778,7007408,18,sibling_nonbirth,-151/323,151/323,19,miss,0,True,False,True,1,1,False
397744,9076414,0,sibling_nonbirth,-44/133,44/133,14,miss,0,True,False,True,1,1,False
397744,8565904,1,sibling_nonbirth,-51/133,51/133,16,miss,0,True,False,True,1,1,False
397744,8055394,2,sibling_nonbirth,-58/133,58/133,18,miss,0,True,False,True,1,1,False
397744,7544884,3,sibling_nonbirth,-116/247,116/247,19,miss,0,True,False,True,1,1,False
397744,7034374,4,sibling_nonbirth,-103/247,103/247,17,miss,0,True,False,True,1,1,False
397744,6523864,5,sibling_nonbirth,-90/247,90/247,15,miss,0,True,False,True,1,1,False
397744,6013354,6,sibling_nonbirth,-77/247,77/247,13,miss,0,True,False,True,1,1,False
397744,5502844,7,sibling_nonbirth,-64/247,64/247,11,miss,0,True,False,True,1,1,False
397744,4992334,8,sibling_nonbirth,-51/247,51/247,9,miss,0,True,False,True,1,1,False
397744,4481824,9,sibling_nonbirth,-2/13,2/13,7,miss,0,True,False,True,1,1,False
397744,3971314,10,sibling_nonbirth,-25/247,25/247,5,miss,0,True,False,True,1,1,False
397744,3460804,11,sibling_nonbirth,-12/247,12/247,3,miss,0,True,False,True,1,1,False
397744,2950294,12,birth_close,1/247,-1/247,1,close,-1,True,True,True,1,0,True
397744,2439784,13,sibling_nonbirth,-2/133,2/133,2,miss,0,True,False,True,1,1,False
397744,1929274,14,sibling_nonbirth,-9/133,9/133,4,miss,0,True,False,True,1,1,False
397744,1418764,15,sibling_nonbirth,-16/133,16/133,6,miss,0,True,False,True,1,1,False
397744,908254,16,sibling_nonbirth,-23/133,23/133,8,miss,0,True,False,True,1,1,False
397744,397744,17,sibling_nonbirth,-30/133,30/133,10,miss,0,True,False,True,1,1,False
397744,9586924,18,sibling_nonbirth,-37/133,37/133,12,miss,0,True,False,True,1,1,False
434638,7071268,0,sibling_nonbirth,-60/247,60/247,10,miss,0,True,False,True,1,1,False
434638,6560758,1,sibling_nonbirth,-73/247,73/247,12,miss,0,True,False,True,1,1,False
434638,6050248,2,sibling_nonbirth,-86/247,86/247,14,miss,0,True,False,True,1,1,False
434638,5539738,3,sibling_nonbirth,-99/247,99/247,16,miss,0,True,False,True,1,1,False
434638,5029228,4,sibling_nonbirth,-112/247,112/247,18,miss,0,True,False,True,1,1,False
434638,4518718,5,sibling_nonbirth,-35/76,35/76,19,miss,0,True,False,True,1,1,False
434638,4008208,6,sibling_nonbirth,-31/76,31/76,17,miss,0,True,False,True,1,1,False
434638,3497698,7,sibling_nonbirth,-27/76,27/76,15,miss,0,True,False,True,1,1,False
434638,2987188,8,sibling_nonbirth,-23/76,23/76,13,miss,0,True,False,True,1,1,False
434638,2476678,9,sibling_nonbirth,-1/4,1/4,11,miss,0,True,False,True,1,1,False
434638,1966168,10,sibling_nonbirth,-15/76,15/76,9,miss,0,True,False,True,1,1,False
434638,1455658,11,sibling_nonbirth,-11/76,11/76,7,miss,0,True,False,True,1,1,False
434638,945148,12,sibling_nonbirth,-7/76,7/76,5,miss,0,True,False,True,1,1,False
434638,434638,13,sibling_nonbirth,-3/76,3/76,3,miss,0,True,False,True,1,1,False
434638,9623818,14,birth_close,1/76,-1/76,1,close,-1,True,True,True,1,0,True
434638,9113308,15,sibling_nonbirth,-8/247,8/247,2,miss,0,True,False,True,1,1,False
434638,8602798,16,sibling_nonbirth,-21/247,21/247,4,miss,0,True,False,True,1,1,False
434638,8092288,17,sibling_nonbirth,-34/247,34/247,6,miss,0,True,False,True,1,1,False
434638,7581778,18,sibling_nonbirth,-47/247,47/247,8,miss,0,True,False,True,1,1,False
486969,9676149,0,sibling_nonbirth,-58/323,58/323,8,miss,0,True,False,True,1,1,False
486969,9165639,1,sibling_nonbirth,-41/323,41/323,6,miss,0,True,False,True,1,1,False
486969,8655129,2,sibling_nonbirth,-24/323,24/323,4,miss,0,True,False,True,1,1,False
486969,8144619,3,sibling_nonbirth,-7/323,7/323,2,miss,0,True,False,True,1,1,False
486969,7634109,4,birth_close,2/247,-2/247,1,close,-1,True,True,True,1,0,True
486969,7123599,5,sibling_nonbirth,-11/247,11/247,3,miss,0,True,False,True,1,1,False
486969,6613089,6,sibling_nonbirth,-24/247,24/247,5,miss,0,True,False,True,1,1,False
486969,6102579,7,sibling_nonbirth,-37/247,37/247,7,miss,0,True,False,True,1,1,False
486969,5592069,8,sibling_nonbirth,-50/247,50/247,9,miss,0,True,False,True,1,1,False
486969,5081559,9,sibling_nonbirth,-63/247,63/247,11,miss,0,True,False,True,1,1,False
486969,4571049,10,sibling_nonbirth,-4/13,4/13,13,miss,0,True,False,True,1,1,False
486969,4060539,11,sibling_nonbirth,-89/247,89/247,15,miss,0,True,False,True,1,1,False
486969,3550029,12,sibling_nonbirth,-102/247,102/247,17,miss,0,True,False,True,1,1,False
486969,3039519,13,sibling_nonbirth,-115/247,115/247,19,miss,0,True,False,True,1,1,False
486969,2529009,14,sibling_nonbirth,-143/323,143/323,18,miss,0,True,False,True,1,1,False
486969,2018499,15,sibling_nonbirth,-126/323,126/323,16,miss,0,True,False,True,1,1,False
486969,1507989,16,sibling_nonbirth,-109/323,109/323,14,miss,0,True,False,True,1,1,False
486969,997479,17,sibling_nonbirth,-92/323,92/323,12,miss,0,True,False,True,1,1,False
486969,486969,18,sibling_nonbirth,-75/323,75/323,10,miss,0,True,False,True,1,1,False
493532,4067102,0,sibling_nonbirth,-77/323,77/323,10,miss,0,True,False,True,1,1,False
493532,3556592,1,sibling_nonbirth,-60/323,60/323,8,miss,0,True,False,True,1,1,False
493532,3046082,2,sibling_nonbirth,-43/323,43/323,6,miss,0,True,False,True,1,1,False
493532,2535572,3,sibling_nonbirth,-26/323,26/323,4,miss,0,True,False,True,1,1,False
493532,2025062,4,sibling_nonbirth,-9/323,9/323,2,miss,0,True,False,True,1,1,False
493532,1514552,5,birth_close,1/76,-1/76,1,close,-1,True,True,True,1,0,True
493532,1004042,6,sibling_nonbirth,-3/76,3/76,3,miss,0,True,False,True,1,1,False
493532,493532,7,sibling_nonbirth,-7/76,7/76,5,miss,0,True,False,True,1,1,False
493532,9682712,8,sibling_nonbirth,-11/76,11/76,7,miss,0,True,False,True,1,1,False
493532,9172202,9,sibling_nonbirth,-15/76,15/76,9,miss,0,True,False,True,1,1,False
493532,8661692,10,sibling_nonbirth,-1/4,1/4,11,miss,0,True,False,True,1,1,False
493532,8151182,11,sibling_nonbirth,-23/76,23/76,13,miss,0,True,False,True,1,1,False
493532,7640672,12,sibling_nonbirth,-27/76,27/76,15,miss,0,True,False,True,1,1,False
493532,7130162,13,sibling_nonbirth,-31/76,31/76,17,miss,0,True,False,True,1,1,False
493532,6619652,14,sibling_nonbirth,-35/76,35/76,19,miss,0,True,False,True,1,1,False
493532,6109142,15,sibling_nonbirth,-145/323,145/323,18,miss,0,True,False,True,1,1,False
493532,5598632,16,sibling_nonbirth,-128/323,128/323,16,miss,0,True,False,True,1,1,False
493532,5088122,17,sibling_nonbirth,-111/323,111/323,14,miss,0,True,False,True,1,1,False
493532,4577612,18,sibling_nonbirth,-94/323,94/323,12,miss,0,True,False,True,1,1,False
510148,9188818,0,sibling_nonbirth,-77/323,77/323,10,miss,0,True,False,True,1,1,False
510148,8678308,1,sibling_nonbirth,-94/323,94/323,12,miss,0,True,False,True,1,1,False
510148,8167798,2,sibling_nonbirth,-111/323,111/323,14,miss,0,True,False,True,1,1,False
510148,7657288,3,sibling_nonbirth,-128/323,128/323,16,miss,0,True,False,True,1,1,False
510148,7146778,4,sibling_nonbirth,-145/323,145/323,18,miss,0,True,False,True,1,1,False
510148,6636268,5,sibling_nonbirth,-35/76,35/76,19,miss,0,True,False,True,1,1,False
510148,6125758,6,sibling_nonbirth,-31/76,31/76,17,miss,0,True,False,True,1,1,False
510148,5615248,7,sibling_nonbirth,-27/76,27/76,15,miss,0,True,False,True,1,1,False
510148,5104738,8,sibling_nonbirth,-23/76,23/76,13,miss,0,True,False,True,1,1,False
510148,4594228,9,sibling_nonbirth,-1/4,1/4,11,miss,0,True,False,True,1,1,False
510148,4083718,10,sibling_nonbirth,-15/76,15/76,9,miss,0,True,False,True,1,1,False
510148,3573208,11,sibling_nonbirth,-11/76,11/76,7,miss,0,True,False,True,1,1,False
510148,3062698,12,sibling_nonbirth,-7/76,7/76,5,miss,0,True,False,True,1,1,False
510148,2552188,13,sibling_nonbirth,-3/76,3/76,3,miss,0,True,False,True,1,1,False
510148,2041678,14,birth_close,1/76,-1/76,1,close,-1,True,True,True,1,0,True
510148,1531168,15,sibling_nonbirth,-9/323,9/323,2,miss,0,True,False,True,1,1,False
510148,1020658,16,sibling_nonbirth,-26/323,26/323,4,miss,0,True,False,True,1,1,False
510148,510148,17,sibling_nonbirth,-43/323,43/323,6,miss,0,True,False,True,1,1,False
510148,9699328,18,sibling_nonbirth,-60/323,60/323,8,miss,0,True,False,True,1,1,False
